Country/Region,Confirmed,Active,Recovered,Deaths
Africa,23.9244253456475,8.256748842632964,32.19903527012373,23.09616099105544
Americas,426.0366140061888,436.46169150278786,417.8764154536772,499.1654328381384
Eastern Mediterranean,64.93422435217732,30.177202466146184,83.02725669280558,70.29564749657575
Europe,297.9457474089567,490.4244896417506,197.21464194020854,282.8787576317147
Other,0.011695899792255838,0.0022643404535117417,0.016706266941555317,0.010397431418542363
South-East Asia,173.3919739685932,31.162046031054413,250.44793202906993,112.83639156449456
Western Pacific,13.755319018644252,3.51555717517458,19.218012347173467,11.717212046602674
