Country/Region,Confirmed,Active,Recovered,Deaths
Africa,39.562133886371164,21.290966847630596,48.48204373298186,25.616764110828182
Americas,524.928938353552,613.1439372130069,483.7643833084305,553.508615307282
Congo-Brazzaville,0.17221653170045664,0.3447167880418935,0.09722260359676752,0.11600044125658046
Democratic Republic of Congo,0.3787424070110734,0.06178652199457789,0.5257387634222446,0.2945501400534739
Eastern Mediterranean,73.97753132439351,28.590320070280622,95.12562031034885,59.9119533905678
Europe,167.2875591119849,197.9250129547392,149.27397820829566,252.9537465299378
Other,0.026829757855667512,0.006810137694793154,0.036332901803384415,0.017058888420085364
South-East Asia,174.53985476802754,127.75112537525405,199.53990602782372,94.85538043027069
Western Pacific,19.126193859103804,10.885324091357377,23.154774143296965,12.725930761383683
