Country/Region,Confirmed,Active,Recovered,Deaths
Africa,22.34179320275119,7.301887648009226,33.380662998989465,22.36631176261891
Americas,429.4778010189196,594.7087097896978,306.09546249763974,483.0017454491951
Eastern Mediterranean,60.96483686346462,18.23861739333532,92.03256895861317,68.49078566572096
Europe,322.0804765119479,360.9250643055783,294.032557243963,310.20108856226483
Other,0.009450898596943974,0.0,0.016409807467866296,0.008899299091203577
South-East Asia,152.2287696311614,15.896536542338325,254.154493735126,104.93163558438138
Western Pacific,12.896871873158402,2.9291843210410082,20.287844758200787,10.999533676727623
