Country/Region,Confirmed,Active,Recovered,Deaths
Africa,23.810000809553586,8.34376128808435,31.99542873992095,23.013474156746373
Americas,426.1716127327629,439.1420812924064,416.6999880934785,498.28354252587076
Eastern Mediterranean,64.8395871736187,30.153185885086337,82.93220114097088,70.31485599796201
Europe,298.8744763145007,488.0203738399148,199.66422554082277,284.10985878643083
Other,0.011583412110442903,0.0022391557449066113,0.016557074660874554,0.010327662299213032
South-East Asia,172.56589816805527,30.758996618112562,249.53961157002348,112.56119139912283
Western Pacific,13.726841389398311,3.579361920650609,19.151987840122572,11.706749471567942
