Country/Region,Confirmed,Active,Recovered,Deaths
Africa,40.02215408440175,21.75379230843595,49.005044086866675,25.560212401278644
Americas,526.4120434645223,615.0380044873893,484.9807723988206,553.275862664363
Congo-Brazzaville,0.17593709693753884,0.351358193776568,0.09947132305139418,0.11741236950823786
Democratic Republic of Congo,0.38490991929398893,0.06297691763452135,0.5348724931242304,0.2981353304179765
Eastern Mediterranean,74.4965492303018,28.5786475688007,95.99519431311825,59.91829480404221
Europe,168.16469172079866,197.1985241946211,150.72600646906213,254.89534759241334
Other,0.02740938783318183,0.006941343627051451,0.037173267110480836,0.017266524927682037
South-East Asia,171.08076926936985,126.11033101627078,195.29047253732105,93.20930596627502
Western Pacific,19.235535826540925,10.899423969443951,23.330993111525224,12.708162346773982
