Country/Region,Confirmed,Active,Recovered,Deaths
Africa,39.78213480442798,21.491679748940086,48.759611104783325,25.59331357813463
Americas,525.653712462347,613.5693285242285,484.4971001733562,553.4322465686683
Congo-Brazzaville,0.17392296475369193,0.3472253835724229,0.09832216776561349,0.11665555389086302
Democratic Republic of Congo,0.3814053952647406,0.06522948118116996,0.5286933096788184,0.2962136123307208
Eastern Mediterranean,74.20200814130843,28.586601864565388,95.55074693804336,59.90148324105726
Europe,167.9698612697534,198.43880782459428,149.9393303684665,253.92483036338203
Other,0.027095604491662033,0.006859696873736803,0.036743818148917556,0.01715522851336221
South-East Asia,172.6223005769146,126.61927821770607,197.320907187373,93.9980717523151
Western Pacific,19.187558780738385,10.874989258338307,23.268544932384035,12.720030101707634
