Country/Region,Confirmed,Active,Recovered,Deaths
Africa,36.48522466559171,18.697141960590937,44.30465093329147,25.793695814055184
Americas,503.35330800083136,575.458572297106,471.34190887955737,553.7130586708857
Eastern Mediterranean,71.5807587166923,27.35122141190116,90.32430629166987,60.59130879619793
Europe,171.43313403297708,242.35434533498824,139.13922556308296,238.99057115569863
Other,0.02287647966958368,0.006163794431852249,0.030104834188954956,0.015470648055133264
South-East Asia,198.58424733224868,128.40763974302584,231.61618935321042,107.71387139559684
Western Pacific,18.54045077198918,7.724915457955918,23.24361414499912,13.18202351951055
