Country/Region,Confirmed,Active,Recovered,Deaths
Africa,22.425318502385768,7.717193196558132,33.20932875500541,22.683792280761768
Americas,430.8690918227047,602.1100074340133,303.2458976076182,480.93765221767615
Eastern Mediterranean,60.23403967303799,16.85243514575516,91.77134703364261,67.9254135553831
Europe,324.34030336842267,355.71053143679035,301.7220133329005,313.98024918773905
Other,0.009160856172347291,0.0,0.015903124831127848,0.008667198640058752
South-East Asia,149.27239042212028,14.702157582662728,249.81581320685143,103.50484178606696
Western Pacific,12.849695355156229,2.9076752042205056,20.219696939150793,10.959383773732956
