Country/Region,Confirmed,Active,Recovered,Deaths
Africa,36.04604367132864,18.651739975759625,43.576669056443315,25.735174290696353
Americas,500.83903149304354,568.1446749008728,471.1139114480083,553.9586151263792
Eastern Mediterranean,71.36915285587283,27.637083633710677,89.6313413256096,60.58516532764042
Europe,172.8174952883719,251.2824549067652,138.04023176424428,237.535241106204
Other,0.022432250170925348,0.006105606567590064,0.029388790356937467,0.015277936215634828
South-East Asia,200.53156032478537,126.30335273288061,234.77300635542744,109.03048253833744
Western Pacific,18.374284116426804,7.974588243443633,22.835451259910084,13.140043674526996
