Country/Region,Confirmed,Active,Recovered,Deaths
Africa,43.78819930762868,27.808025236306438,53.34196396426434,24.06855132061647
Americas,538.3231760746239,643.5634870224322,482.5519263620881,542.1067431673125
Eastern Mediterranean,79.8962319721693,30.53251254765533,107.11728737895254,59.400653213697886
Europe,175.6357665073565,170.62844508241884,172.15520395458964,283.6745592355438
Other,0.03326844832357936,0.00761765045621416,0.04759861687631993,0.01934874697514589
South-East Asia,143.20193634366188,116.78758417157495,160.8078691700468,78.60234971183266
Western Pacific,19.12142134623614,10.672328289156038,23.978150553182203,12.127794604021442
