Country/Region,Confirmed,Active,Recovered,Deaths
Africa,41.60653814284712,23.564861444694092,50.93573293010981,25.735342119100437
Americas,530.9380257745338,628.5324500916815,483.7872370687756,552.234483364372
Eastern Mediterranean,75.8675549845946,28.98491774489296,98.81377280602021,59.875441988655176
Europe,169.1581398579063,186.23666744144003,156.42181660581568,260.24481928168467
Other,0.02884408893804786,0.007102089305544795,0.03967151981592415,0.017804175435223068
South-East Asia,162.9685424205735,120.11711990909326,186.97059316600487,89.35678261932655
Western Pacific,19.432354730606612,12.556881278892591,23.031175903457925,12.535326451426055
