Country/Region,Confirmed,Active,Recovered,Deaths
Africa,22.611076429336872,7.957792088370963,33.374835417692566,22.86099464177587
Americas,430.732355575335,605.0226512975598,300.6685019845205,480.1168755498178
Eastern Mediterranean,59.96799407055638,16.411125229081197,91.69120804885783,67.70441796433181
Europe,325.82109069207564,353.1605566610059,306.12468059871884,315.42802956734334
Other,0.009030537822009127,0.0,0.015687996764806197,0.008568588696317792
South-East Asia,147.98318531392565,14.406565562308682,247.94323362811434,102.96987284214374
Western Pacific,12.875267380948392,3.0413091616733516,20.1818523253311,10.911240845891076
