Country/Region,Confirmed,Active,Recovered,Deaths
Africa,42.680970494105964,25.11143304287002,52.19090095148728,25.29451847551481
Americas,533.3788182934622,635.2947265096931,482.6940314992542,549.7268216604224
Eastern Mediterranean,77.52415838763005,29.888344871345637,101.73119669677463,60.13367411951952
Europe,171.88024701428836,182.5950637199462,161.5893120879803,267.2092514101709
Other,0.030489639506318184,0.007336167050125895,0.04244567410120144,0.018449685248369662
South-East Asia,155.06633145824168,115.89943475499804,177.90690274894095,85.3593137701071
Western Pacific,19.438984712765393,11.203660934096812,23.84521034146143,12.257970879016804
