Country/Region,Confirmed,Active,Recovered,Deaths
Africa,39.38865500448369,21.263124140500864,48.134370532344654,25.67757112501542
Americas,523.6994972484533,612.6300784986532,482.6281295296821,553.2247528978115
Congo-Brazzaville,0.17075068131477286,0.34441822269310307,0.09604511363592506,0.11547095735612262
Democratic Republic of Congo,0.3766993207052357,0.06321756889230448,0.5204189595921336,0.2943377344371753
Eastern Mediterranean,73.88328113594214,28.2202732681479,94.90668682401085,60.06640712116186
Europe,166.72818930303066,199.189404784939,148.10321927562575,252.10479781827812
Other,0.026601391795149358,0.006804239313261734,0.0358928639362728,0.016981023140606268
South-East Asia,176.63379494680552,129.96233173116175,201.37468014826896,95.71523503434128
Western Pacific,19.09253096746975,8.320347545698509,24.200556752903267,12.784446288457774
