Country/Region,Confirmed,Active,Recovered,Deaths
Africa,35.42062060846137,18.021258000991466,42.81609892076304,25.566497273488874
Americas,497.8898369156037,565.310772691771,468.48378089950035,553.2514961949244
Eastern Mediterranean,71.13758417270402,28.12227914366777,88.80469431801302,60.90428867406778
Europe,173.4013921996885,258.62352612595976,136.56014452727072,235.8394493802016
Other,0.021851428831896565,0.006012187250118467,0.028489188156164864,0.015049739388679586
South-East Asia,203.9308689891978,123.5138283039565,240.16827613804242,111.23362713769009
Western Pacific,18.197845685512657,6.402323546403427,23.138516008254253,13.189591600238789
