Country/Region,Confirmed,Active,Recovered,Deaths
Africa,39.75372408303351,21.18059457828831,48.64818465552804,26.002781129999338
Americas,521.3021467938842,607.043093912848,481.6756963769074,555.338548232212
Eastern Mediterranean,73.77817408351464,28.38065846055566,94.56213572428838,59.805500183204984
Europe,167.9763744413093,205.57015416526184,147.33614543841654,249.9565798600023
Other,0.02637891767630053,0.006777632531058809,0.03552511855075852,0.016807796128156083
South-East Asia,178.15881959721628,129.45598531496518,203.71843762383995,96.1798120440185
Western Pacific,19.00438208336594,8.36273593554989,24.02387506246909,12.699970754434737
