Country/Region,Confirmed,Active,Recovered,Deaths
Africa,36.935948833841465,18.976310726801437,44.92879520218357,25.802316674743246
Americas,506.33148633874265,579.8202050951412,473.50893990248056,554.4637413828142
Eastern Mediterranean,71.84462492513188,27.695030589255197,90.76843599829279,60.45656104589061
Europe,169.62826373588302,232.37235509380358,140.28241459292508,239.87952874479583
Other,0.02330235703503007,0.006234377217454624,0.030766382070543486,0.015632083287739757
South-East Asia,196.54946712260426,133.73045182685388,226.84010966442946,106.15330905149732
Western Pacific,18.68690668676164,7.3994122909273266,23.640538257618022,13.228911016971232
