Country/Region,Confirmed,Active,Recovered,Deaths
Africa,22.3410633458582,6.985659614616079,33.56288313314403,22.279482277123957
Americas,428.4464948317568,591.6683089356475,307.00774311743163,484.01397664062483
Eastern Mediterranean,61.41795893147372,18.86299702013013,92.21948705214785,68.83700055709237
Europe,320.9100838299847,363.25122979500156,290.4775412380784,308.07025860876115
Other,0.009619084134846965,0.0,0.01667060330606399,0.009024173957196537
Samoa,2.668261895935358e-05,0.0,4.722550511632858e-05,0.0
South-East Asia,153.94582369051278,16.40841623371415,256.32910906699715,105.74647365362333
Western Pacific,12.928929603659979,2.823388400890645,20.386518563389746,11.043784088817123
