Country/Region,Confirmed,Active,Recovered,Deaths
Africa,24.783509536667164,8.25099320147109,33.490128494653916,23.543524109775525
Americas,427.36824279820456,429.2224819957482,423.3652134944809,508.83993522725115
Eastern Mediterranean,65.2074315159333,29.635199902924008,83.67774167238983,69.61540087247903
Europe,289.4205576070759,496.64287497335215,181.5587086941518,270.863486039024
Other,0.012525171294746413,0.0024331119408540513,0.017871150092576085,0.010931494510203458
South-East Asia,179.1475945165321,32.63445040090956,258.28199671458293,115.07584270891178
Western Pacific,14.060138854292182,3.611566413654086,19.608339779647906,12.050879548048291
