Country/Region,Confirmed,Active,Recovered,Deaths
Africa,24.04712527460633,8.402342931419286,32.27717010060939,23.160552691357193
Americas,426.18409755689544,435.43398012582196,418.5972684333043,500.94026243552065
Eastern Mediterranean,65.0340433941547,30.071967326745742,83.16116076624171,70.28051453618492
Europe,296.4812833084455,491.2068265647509,195.02844817813687,280.67374883645573
Other,0.011824780048430756,0.0022958422297219734,0.016867242236352654,0.010474516548688695
South-East Asia,174.431824238831,31.443708635151104,251.60025721136677,113.16737509313592
Western Pacific,13.809801447018508,3.438878573881424,19.318828068104654,11.76707189079688
