Country/Region,Confirmed,Active,Recovered,Deaths
Africa,23.37770878924932,8.0514706565076,31.3580078104149,22.692338590900572
Americas,426.2265064108043,443.7689066501269,414.68360026143165,493.92456417534737
Eastern Mediterranean,64.69934994931263,29.86094733343114,82.57839748963588,70.39605816351121
Europe,302.7673640421924,486.3195240120261,207.94442257761335,290.0905122780708
Other,0.011173116656899358,0.002181982948963883,0.015880998640572058,0.010042042685376108
South-East Asia,169.3382373759162,28.650364623278325,244.45445287417277,111.3555418686233
Western Pacific,13.57966031586819,3.346604741681074,18.965237988090987,11.530942880861202
