Country/Region,Confirmed,Active,Recovered,Deaths
Africa,22.413393242910736,8.72489465686591,29.18446374750476,22.390223260714286
Americas,426.8405705388602,473.55343335611997,401.7457401365585,485.3641295028109
Eastern Mediterranean,62.09053218881469,25.49061808560064,79.94058840676563,69.50234215873384
Europe,318.6810467040066,466.09955890817406,246.259706821447,304.2375986488638
Other,0.009897228741634628,0.0,0.014814288830622151,0.009252668161075383
Samoa,2.7454171266670257e-05,0.0,4.1966823882782294e-05,0.0
South-East Asia,156.94004043313072,22.68363153455485,225.0296978229206,107.35007284934063
Western Pacific,13.02449220936414,3.4478634586844605,17.82494680914907,11.146380911375477
